timestamp,ticker,prochain_prix,last_price
2023-03-21 23:39:05,BTC/USD,27054.16,27982.7
2023-03-21 23:40:05,BTC/USD,27189.95,28009.6
2023-03-21 23:41:06,BTC/USD,27218.52,28015.0
2023-03-21 23:42:07,BTC/USD,27332.91,28035.8
2023-03-21 23:43:08,BTC/USD,27262.22,28023.1
2023-03-21 23:44:09,BTC/USD,27265.50,28023.7
2023-03-21 23:45:09,BTC/USD,27139.11,28014.2
2023-03-21 23:46:10,BTC/USD,27070.32,28002.3
2023-03-21 23:47:11,BTC/USD,27094.79,28006.7
2023-03-21 23:48:13,BTC/USD,27276.17,28032.9
2023-03-21 23:49:14,BTC/USD,27537.91,28070.6
2023-03-21 23:50:15,BTC/USD,27515.52,28067.2
2023-03-21 23:51:16,BTC/USD,27558.05,28073.4
2023-03-21 23:52:18,BTC/USD,27502.09,28064.9
2023-03-21 23:53:19,BTC/USD,27480.73,28061.7
2023-03-21 23:54:21,BTC/USD,27587.88,28078.0
2023-03-21 23:55:23,BTC/USD,27697.59,28093.9
2023-03-21 23:56:24,BTC/USD,27696.96,28093.8
2023-03-21 23:57:27,BTC/USD,27642.63,28083.7
2023-03-21 23:58:30,BTC/USD,27751.88,28101.2
2023-03-21 23:59:33,BTC/USD,27688.73,28091.0
2023-03-22 00:00:35,BTC/USD,27678.93,28075.6
2023-03-22 00:01:38,BTC/USD,27608.55,28064.5
2023-03-22 00:02:40,BTC/USD,27607.95,28064.4
2023-03-22 00:03:42,BTC/USD,27487.26,28044.2
2023-03-22 00:04:44,BTC/USD,27701.64,28080.0
2023-03-22 00:05:46,BTC/USD,27632.05,28068.8
2023-03-22 00:06:47,BTC/USD,27755.34,28088.2
2023-03-22 00:07:49,BTC/USD,27830.06,28099.3
2023-03-22 00:08:50,BTC/USD,27805.83,28095.6
2023-03-22 00:09:52,BTC/USD,27761.06,28088.9
2023-03-22 00:10:53,BTC/USD,27657.62,28072.8
2023-03-22 00:11:54,BTC/USD,27639.77,28069.9
2023-03-22 00:12:56,BTC/USD,27693.17,28078.5
2023-03-22 00:13:58,BTC/USD,27600.32,28063.4
2023-03-22 00:14:59,BTC/USD,27622.07,28067.0
2023-03-22 00:16:01,BTC/USD,27682.71,28081.0
2023-03-22 00:17:03,BTC/USD,27899.72,28112.0
2023-03-22 00:18:04,BTC/USD,27842.56,28103.1
2023-03-22 00:19:06,BTC/USD,27888.98,28110.1
2023-03-22 00:20:07,BTC/USD,27983.21,28123.3
2023-03-22 00:21:08,BTC/USD,27945.07,28117.3
2023-03-22 00:22:10,BTC/USD,27852.52,28103.1
2023-03-22 00:23:11,BTC/USD,27899.20,28110.2
2023-03-22 00:24:12,BTC/USD,27923.20,28113.9
2023-03-22 00:25:14,BTC/USD,28046.10,28133.2
2023-03-22 00:26:15,BTC/USD,28123.84,28144.9
2023-03-22 00:27:17,BTC/USD,28110.62,28142.7
2023-03-22 00:28:18,BTC/USD,28204.45,28157.4
2023-03-22 00:29:19,BTC/USD,28179.88,28153.2
2023-03-22 00:30:20,BTC/USD,28343.47,28174.8
2023-03-22 00:31:21,BTC/USD,28149.37,28146.6
2023-03-22 00:32:23,BTC/USD,28200.81,28154.2
2023-03-22 00:33:24,BTC/USD,27894.20,28107.2
2023-03-22 00:34:26,BTC/USD,28053.29,28132.9
2023-03-22 00:35:28,BTC/USD,28071.99,28135.8
2023-03-22 00:36:30,BTC/USD,28095.44,28139.4
2023-03-22 00:37:31,BTC/USD,28039.20,28130.7
2023-03-22 00:38:32,BTC/USD,28075.23,28136.3
2023-03-22 00:39:34,BTC/USD,28137.08,28145.7
2023-03-22 00:40:36,BTC/USD,28046.23,28131.8
2023-03-22 00:41:38,BTC/USD,28095.44,28139.4
2023-03-22 00:42:39,BTC/USD,28096.75,28139.6
2023-03-22 00:43:41,BTC/USD,28141.09,28146.3
2023-03-22 00:44:43,BTC/USD,28090.87,28138.7
2023-03-22 00:45:44,BTC/USD,27947.51,28139.0
2023-03-22 00:46:46,BTC/USD,27830.21,28122.2
2023-03-22 00:47:47,BTC/USD,27732.14,28107.8
2023-03-22 00:48:49,BTC/USD,27916.30,28135.5
2023-03-22 00:49:50,BTC/USD,27977.10,28144.7
2023-03-22 00:50:52,BTC/USD,27985.36,28145.9
2023-03-22 00:51:54,BTC/USD,28074.17,28160.1
2023-03-22 00:52:56,BTC/USD,27987.54,28146.2
2023-03-22 00:53:57,BTC/USD,28135.47,28170.1
2023-03-22 00:54:58,BTC/USD,28126.44,28168.5
2023-03-22 00:56:00,BTC/USD,28247.80,28187.9
2023-03-22 00:57:01,BTC/USD,28156.75,28172.3
2023-03-22 00:58:02,BTC/USD,28284.75,28194.4
2023-03-22 00:59:04,BTC/USD,28208.40,28181.6
2023-03-22 01:00:05,BTC/USD,28030.02,28164.5
2023-03-22 01:01:07,BTC/USD,28052.95,28168.2
2023-03-22 01:02:09,BTC/USD,28004.91,28161.3
2023-03-22 01:03:10,BTC/USD,27976.60,28157.5
2023-03-22 01:04:11,BTC/USD,27998.08,28160.4
2023-03-22 01:05:13,BTC/USD,27975.86,28157.4
2023-03-22 01:06:14,BTC/USD,27959.71,28155.2
2023-03-22 01:07:16,BTC/USD,27974.58,28157.3
2023-03-22 01:08:17,BTC/USD,28021.22,28163.7
2023-03-22 01:09:19,BTC/USD,27857.40,28141.2
2023-03-22 01:10:20,BTC/USD,27855.23,28140.9
2023-03-22 01:11:22,BTC/USD,27867.58,28142.7
2023-03-22 01:12:24,BTC/USD,27826.86,28136.9
2023-03-22 01:13:25,BTC/USD,27938.32,28152.7
2023-03-22 01:14:27,BTC/USD,27979.32,28158.3
2023-03-22 01:15:28,BTC/USD,27916.69,28160.7
2023-03-22 01:16:29,BTC/USD,27925.09,28161.9
2023-03-22 01:17:31,BTC/USD,27929.30,28162.5
2023-03-22 01:18:33,BTC/USD,27965.22,28167.7
2023-03-22 01:19:34,BTC/USD,27780.39,28143.2
2023-03-22 01:20:35,BTC/USD,27906.13,28159.5
2023-03-22 01:21:37,BTC/USD,27869.49,28154.8
2023-03-22 01:22:39,BTC/USD,27790.95,28144.6
2023-03-22 01:23:41,BTC/USD,27787.18,28144.1
2023-03-22 01:24:42,BTC/USD,27729.48,28136.5
2023-03-22 01:25:44,BTC/USD,27860.60,28153.8
2023-03-22 01:26:46,BTC/USD,27841.94,28151.4
2023-03-22 01:27:47,BTC/USD,27912.71,28160.6
2023-03-22 01:28:49,BTC/USD,27852.03,28152.7
2023-03-22 01:29:50,BTC/USD,27849.70,28152.4
2023-03-22 01:30:53,BTC/USD,27703.82,28140.0
2023-03-22 01:31:55,BTC/USD,27530.00,28117.6
2023-03-22 01:32:56,BTC/USD,27451.45,28107.7
2023-03-22 01:33:58,BTC/USD,27138.42,28065.2
2023-03-22 01:34:59,BTC/USD,27205.55,28075.9
2023-03-22 01:36:00,BTC/USD,27371.34,28100.8
2023-03-22 01:37:02,BTC/USD,27240.98,28081.4
2023-03-22 01:38:03,BTC/USD,27015.89,28047.1
2023-03-22 01:39:04,BTC/USD,27020.27,28049.4
2023-03-22 01:40:05,BTC/USD,27235.86,28084.2
2023-03-22 01:41:07,BTC/USD,27107.76,28064.0
2023-03-22 01:42:10,BTC/USD,26778.80,28006.1
2023-03-22 01:43:12,BTC/USD,26851.72,28020.3
2023-03-22 01:44:13,BTC/USD,26948.99,28038.0
2023-03-22 01:45:14,BTC/USD,26754.95,28017.4
2023-03-22 01:46:15,BTC/USD,27175.81,28077.5
2023-03-22 01:47:17,BTC/USD,27002.49,28052.6
2023-03-22 01:48:18,BTC/USD,27074.90,28062.8
2023-03-22 01:49:19,BTC/USD,27067.89,28061.8
2023-03-22 01:50:20,BTC/USD,27031.11,28056.6
2023-03-22 01:51:23,BTC/USD,27220.94,28084.1
2023-03-22 01:52:24,BTC/USD,27235.54,28086.3
2023-03-22 01:53:25,BTC/USD,27115.16,28068.5
2023-03-22 01:54:26,BTC/USD,27155.64,28074.4
2023-03-22 01:55:27,BTC/USD,27176.68,28077.5
2023-03-22 01:56:31,BTC/USD,27235.65,28086.3
2023-03-22 01:57:32,BTC/USD,27194.98,28080.2
2023-03-22 01:58:34,BTC/USD,27125.62,28070.0
2023-03-22 01:59:36,BTC/USD,27176.79,28077.5
2023-03-22 02:00:38,BTC/USD,27356.78,28075.5
2023-03-22 02:01:40,BTC/USD,27101.10,28034.1
2023-03-22 02:02:42,BTC/USD,27253.06,28060.0
2023-03-22 02:03:44,BTC/USD,27151.27,28042.9
2023-03-22 02:04:45,BTC/USD,27278.15,28064.1
2023-03-22 02:05:47,BTC/USD,27413.99,28085.3
2023-03-22 02:06:49,BTC/USD,27533.85,28101.3
2023-03-22 02:07:50,BTC/USD,27582.39,28107.8
2023-03-22 02:08:51,BTC/USD,27583.81,28108.0
2023-03-22 02:09:52,BTC/USD,27631.68,28113.7
2023-03-22 02:10:53,BTC/USD,27606.32,28109.9
2023-03-22 02:11:54,BTC/USD,27381.64,28077.0
2023-03-22 02:12:55,BTC/USD,27242.13,28054.6
2023-03-22 02:13:56,BTC/USD,27254.80,28056.7
2023-03-22 02:14:57,BTC/USD,27254.80,28056.7
2023-03-22 02:15:58,BTC/USD,27432.85,28068.5
2023-03-22 02:16:58,BTC/USD,27499.13,28077.5
2023-03-22 02:17:59,BTC/USD,27406.89,28064.9
2023-03-22 02:19:00,BTC/USD,27236.61,28039.9
2023-03-22 02:20:01,BTC/USD,27231.54,28039.1
2023-03-22 02:21:02,BTC/USD,27437.33,28069.3
2023-03-22 02:22:03,BTC/USD,27312.00,28051.9
2023-03-22 02:23:04,BTC/USD,27393.58,28063.4
2023-03-22 02:24:04,BTC/USD,27455.66,28071.8
2023-03-22 02:25:05,BTC/USD,27430.70,28068.4
2023-03-22 02:26:06,BTC/USD,27656.18,28100.0
2023-03-22 02:27:07,BTC/USD,27730.85,28111.0
2023-03-22 02:28:08,BTC/USD,27732.83,28111.3
2023-03-22 02:29:09,BTC/USD,27756.24,28114.7
2023-03-22 02:30:10,BTC/USD,27921.67,28123.4
2023-03-22 02:31:11,BTC/USD,27830.87,28110.8
2023-03-22 02:32:11,BTC/USD,27989.57,28131.9
2023-03-22 02:33:12,BTC/USD,27884.80,28116.8
2023-03-22 02:34:13,BTC/USD,27762.91,28099.4
2023-03-22 02:35:14,BTC/USD,27587.38,28072.4
2023-03-22 02:36:15,BTC/USD,27526.12,28062.5
2023-03-22 02:37:16,BTC/USD,27689.89,28089.0
2023-03-22 02:38:16,BTC/USD,27672.58,28086.3
2023-03-22 02:39:17,BTC/USD,27711.25,28092.3
2023-03-22 02:40:18,BTC/USD,27618.42,28077.7
2023-03-22 02:41:19,BTC/USD,27644.69,28081.9
2023-03-22 02:42:20,BTC/USD,27761.95,28100.0
2023-03-22 02:43:21,BTC/USD,27832.46,28110.4
2023-03-22 02:44:22,BTC/USD,27884.80,28117.9
2023-03-22 02:45:23,BTC/USD,27900.47,28124.4
2023-03-22 02:46:24,BTC/USD,27858.64,28119.0
2023-03-22 02:47:25,BTC/USD,27974.42,28134.5
2023-03-22 02:48:25,BTC/USD,27997.96,28136.4
2023-03-22 02:49:26,BTC/USD,28161.88,28159.6
2023-03-22 02:50:27,BTC/USD,28051.29,28143.4
2023-03-22 02:51:27,BTC/USD,28088.01,28148.7
2023-03-22 02:52:28,BTC/USD,28142.44,28156.7
2023-03-22 02:53:29,BTC/USD,28126.92,28154.4
2023-03-22 02:54:30,BTC/USD,28119.05,28153.2
2023-03-22 02:55:31,BTC/USD,27985.09,28134.0
2023-03-22 02:56:32,BTC/USD,27983.65,28133.8
2023-03-22 02:57:32,BTC/USD,28060.62,28144.7
2023-03-22 02:58:33,BTC/USD,28144.73,28157.0
2023-03-22 02:59:34,BTC/USD,28144.73,28157.0
2023-03-22 03:00:35,BTC/USD,28108.59,28156.9
2023-03-22 03:01:36,BTC/USD,28068.38,28152.3
2023-03-22 03:02:36,BTC/USD,28001.40,28144.0
2023-03-22 03:03:37,BTC/USD,27980.56,28141.4
2023-03-22 03:04:38,BTC/USD,27878.77,28128.5
2023-03-22 03:05:39,BTC/USD,27942.90,28136.9
2023-03-22 03:06:39,BTC/USD,27973.11,28140.8
2023-03-22 03:07:40,BTC/USD,28043.36,28149.6
2023-03-22 03:08:41,BTC/USD,28201.76,28170.5
2023-03-22 03:09:42,BTC/USD,28213.12,28171.9
2023-03-22 03:10:43,BTC/USD,28301.96,28184.5
2023-03-22 03:11:43,BTC/USD,28229.43,28174.1
2023-03-22 03:12:44,BTC/USD,28460.37,28211.2
2023-03-22 03:13:45,BTC/USD,28334.93,28191.7
2023-03-22 03:14:46,BTC/USD,28280.18,28183.4
2023-03-22 03:15:46,BTC/USD,28110.51,28173.0
2023-03-22 03:16:47,BTC/USD,28163.33,28179.1
2023-03-22 03:17:48,BTC/USD,28143.97,28176.9
2023-03-22 03:18:48,BTC/USD,28070.89,28168.5
2023-03-22 03:19:49,BTC/USD,28003.18,28160.6
2023-03-22 03:20:50,BTC/USD,28024.52,28163.2
2023-03-22 03:21:51,BTC/USD,27997.81,28160.0
2023-03-22 03:22:52,BTC/USD,27934.73,28152.4
2023-03-22 03:23:52,BTC/USD,27821.66,28138.3
2023-03-22 03:24:54,BTC/USD,27840.91,28140.8
2023-03-22 03:25:54,BTC/USD,27971.57,28157.2
2023-03-22 03:26:55,BTC/USD,28023.04,28163.4
2023-03-22 03:27:56,BTC/USD,27973.21,28157.4
2023-03-22 03:28:57,BTC/USD,28039.91,28165.4
2023-03-22 03:29:58,BTC/USD,28039.91,28165.4
2023-03-22 03:30:59,BTC/USD,27741.54,28143.7
2023-03-22 03:32:00,BTC/USD,27649.51,28131.8
2023-03-22 03:33:01,BTC/USD,27790.45,28148.9
2023-03-22 03:34:02,BTC/USD,27860.55,28157.0
2023-03-22 03:35:02,BTC/USD,27860.55,28157.0
2023-03-22 03:36:03,BTC/USD,27900.47,28161.5
2023-03-22 03:37:04,BTC/USD,27846.52,28155.4
2023-03-22 03:38:05,BTC/USD,27720.06,28140.5
2023-03-22 03:39:06,BTC/USD,27798.13,28149.8
2023-03-22 03:40:06,BTC/USD,27823.92,28152.8
2023-03-22 03:41:07,BTC/USD,27813.57,28151.6
2023-03-22 03:42:08,BTC/USD,27687.33,28136.5
2023-03-22 03:43:08,BTC/USD,27746.61,28143.7
2023-03-22 03:44:09,BTC/USD,27643.94,28131.1
2023-03-22 03:45:10,BTC/USD,27542.04,28125.5
2023-03-22 03:46:11,BTC/USD,27667.06,28140.5
2023-03-22 03:47:12,BTC/USD,27732.02,28148.6
2023-03-22 03:48:13,BTC/USD,27719.66,28147.0
2023-03-22 03:49:13,BTC/USD,27661.46,28139.7
2023-03-22 03:50:14,BTC/USD,27687.94,28143.0
2023-03-22 03:51:15,BTC/USD,27740.85,28149.7
2023-03-22 03:52:16,BTC/USD,27758.32,28151.9
2023-03-22 03:53:17,BTC/USD,27652.91,28138.6
2023-03-22 03:54:17,BTC/USD,27640.74,28137.1
2023-03-22 03:55:18,BTC/USD,27641.55,28137.2
2023-03-22 03:56:19,BTC/USD,27581.21,28129.9
2023-03-22 03:57:20,BTC/USD,27438.12,28111.7
2023-03-22 03:58:21,BTC/USD,27569.33,28127.7
2023-03-22 03:59:22,BTC/USD,27495.32,28118.8
2023-03-22 04:00:23,BTC/USD,27499.09,28114.5
2023-03-22 04:01:24,BTC/USD,27598.61,28125.8
2023-03-22 04:02:25,BTC/USD,27465.32,28110.4
2023-03-22 04:03:26,BTC/USD,27465.32,28110.4
2023-03-22 04:04:27,BTC/USD,27249.72,28086.1
2023-03-22 04:05:28,BTC/USD,27230.37,28083.8
2023-03-22 04:06:29,BTC/USD,27509.75,28117.9
2023-03-22 04:07:29,BTC/USD,27509.75,28117.9
2023-03-22 04:08:30,BTC/USD,27493.84,28116.1
2023-03-22 04:09:31,BTC/USD,27663.71,28135.8
2023-03-22 04:10:32,BTC/USD,27759.25,28147.4
2023-03-22 04:11:33,BTC/USD,27727.02,28143.4
2023-03-22 04:12:33,BTC/USD,27758.44,28147.3
2023-03-22 04:13:34,BTC/USD,28023.07,28181.8
2023-03-22 04:14:35,BTC/USD,28162.03,28204.2
2023-03-22 04:15:36,BTC/USD,28553.95,28255.5
2023-03-22 04:16:37,BTC/USD,28402.94,28236.7
2023-03-22 04:17:37,BTC/USD,28884.73,28317.8
2023-03-22 04:18:38,BTC/USD,28618.67,28271.4
2023-03-22 04:19:39,BTC/USD,28319.14,28230.8
2023-03-22 04:20:39,BTC/USD,28451.02,28245.5
2023-03-22 04:21:40,BTC/USD,28580.66,28265.2
2023-03-22 04:22:41,BTC/USD,28552.18,28260.5
2023-03-22 04:23:42,BTC/USD,28563.13,28262.3
2023-03-22 04:24:43,BTC/USD,28625.90,28272.8
2023-03-22 04:25:44,BTC/USD,28701.64,28285.9
2023-03-22 04:26:44,BTC/USD,28771.93,28298.5
2023-03-22 04:27:45,BTC/USD,28766.44,28297.5
2023-03-22 04:28:46,BTC/USD,28707.88,28287.0
2023-03-22 04:29:47,BTC/USD,28633.54,28274.1
2023-03-22 04:30:48,BTC/USD,28362.92,28259.9
2023-03-22 04:31:48,BTC/USD,28329.22,28256.7
2023-03-22 04:32:49,BTC/USD,28239.18,28247.1
2023-03-22 04:33:50,BTC/USD,28307.96,28254.5
2023-03-22 04:34:51,BTC/USD,28354.79,28259.4
2023-03-22 04:35:52,BTC/USD,28373.19,28261.3
2023-03-22 04:36:53,BTC/USD,28351.90,28259.1
2023-03-22 04:37:54,BTC/USD,28263.84,28249.8
2023-03-22 04:38:55,BTC/USD,28469.18,28273.5
2023-03-22 04:39:55,BTC/USD,28434.41,28268.0
2023-03-22 04:40:56,BTC/USD,28570.61,28289.9
2023-03-22 04:41:58,BTC/USD,28630.25,28299.9
2023-03-22 04:42:58,BTC/USD,28498.53,28277.9
2023-03-22 04:43:59,BTC/USD,28482.38,28275.3
2023-03-22 04:45:01,BTC/USD,28244.68,28247.5
2023-03-22 04:46:01,BTC/USD,28079.78,28245.5
2023-03-22 04:47:02,BTC/USD,28175.37,28258.5
2023-03-22 04:48:03,BTC/USD,28088.63,28246.3
2023-03-22 04:49:05,BTC/USD,28059.22,28243.3
2023-03-22 04:50:06,BTC/USD,27980.65,28235.0
2023-03-22 04:51:07,BTC/USD,28038.87,28241.1
2023-03-22 04:52:07,BTC/USD,27898.24,28225.5
2023-03-22 04:53:08,BTC/USD,27900.38,28225.0
2023-03-22 04:54:09,BTC/USD,27921.34,28227.3
2023-03-22 04:55:10,BTC/USD,27885.90,28223.4
2023-03-22 04:56:11,BTC/USD,27939.72,28229.3
2023-03-22 04:57:12,BTC/USD,27907.65,28225.8
2023-03-22 04:58:13,BTC/USD,28082.26,28244.3
2023-03-22 04:59:13,BTC/USD,28023.28,28238.2
2023-03-22 05:00:14,BTC/USD,27842.64,28222.1
2023-03-22 05:01:15,BTC/USD,27736.05,28210.8
2023-03-22 05:02:16,BTC/USD,27915.40,28230.4
2023-03-22 05:03:16,BTC/USD,27887.04,28226.5
2023-03-22 05:04:17,BTC/USD,27843.51,28221.2
2023-03-22 05:05:18,BTC/USD,27784.49,28215.0
2023-03-22 05:06:19,BTC/USD,27765.78,28213.0
2023-03-22 05:07:20,BTC/USD,27859.95,28222.9
2023-03-22 05:08:20,BTC/USD,27896.67,28227.8
2023-03-22 05:09:21,BTC/USD,27896.67,28227.8
2023-03-22 05:10:22,BTC/USD,27950.69,28235.2
2023-03-22 05:11:22,BTC/USD,27978.24,28239.0
2023-03-22 05:12:23,BTC/USD,27935.08,28233.0
2023-03-22 05:13:24,BTC/USD,27816.98,28218.4
2023-03-22 05:14:25,BTC/USD,27818.89,28218.6
2023-03-22 05:15:25,BTC/USD,27937.60,28225.6
2023-03-22 05:16:26,BTC/USD,27936.81,28225.5
2023-03-22 05:17:27,BTC/USD,28029.15,28237.3
2023-03-22 05:18:28,BTC/USD,27786.88,28209.3
2023-03-22 05:19:28,BTC/USD,28094.38,28247.8
2023-03-22 05:20:29,BTC/USD,27914.46,28224.2
2023-03-22 05:21:31,BTC/USD,27931.85,28226.4
2023-03-22 05:22:31,BTC/USD,27820.31,28213.8
2023-03-22 05:23:32,BTC/USD,27773.49,28209.1
2023-03-22 05:24:33,BTC/USD,27733.96,28205.1
2023-03-22 05:25:34,BTC/USD,27843.14,28216.1
2023-03-22 05:26:34,BTC/USD,27782.95,28210.1
2023-03-22 05:27:35,BTC/USD,27814.86,28213.3
2023-03-22 05:28:36,BTC/USD,27816.86,28213.5
2023-03-22 05:29:37,BTC/USD,27785.92,28210.4
2023-03-22 05:30:38,BTC/USD,27810.90,28207.6
2023-03-22 05:31:38,BTC/USD,27878.15,28215.0
2023-03-22 05:32:39,BTC/USD,27776.83,28204.3
2023-03-22 05:33:40,BTC/USD,27669.05,28193.0
2023-03-22 05:34:41,BTC/USD,27834.92,28209.2
2023-03-22 05:35:42,BTC/USD,27923.40,28219.5
2023-03-22 05:36:43,BTC/USD,27932.71,28220.6
2023-03-22 05:37:43,BTC/USD,27945.33,28222.1
2023-03-22 05:38:44,BTC/USD,27971.21,28225.2
2023-03-22 05:39:45,BTC/USD,28114.48,28243.0
2023-03-22 05:40:45,BTC/USD,28181.34,28251.7
2023-03-22 05:41:46,BTC/USD,28180.59,28251.6
2023-03-22 05:42:47,BTC/USD,28180.59,28251.6
2023-03-22 05:43:48,BTC/USD,27931.03,28220.1
2023-03-22 05:44:49,BTC/USD,27870.78,28213.0
2023-03-22 05:45:49,BTC/USD,27976.22,28217.1
2023-03-22 05:46:50,BTC/USD,27926.57,28212.0
2023-03-22 05:47:51,BTC/USD,27957.56,28215.1
2023-03-22 05:48:52,BTC/USD,28055.34,28225.9
2023-03-22 05:49:52,BTC/USD,28084.46,28229.2
2023-03-22 05:50:53,BTC/USD,28084.47,28229.2
2023-03-22 05:51:54,BTC/USD,28213.17,28244.3
2023-03-22 05:52:55,BTC/USD,28237.07,28247.2
2023-03-22 05:53:56,BTC/USD,28231.38,28246.5
2023-03-22 05:54:57,BTC/USD,28311.85,28256.8
2023-03-22 05:55:57,BTC/USD,28414.78,28271.0
2023-03-22 05:56:58,BTC/USD,28365.06,28265.2
2023-03-22 05:57:59,BTC/USD,28279.04,28254.1
2023-03-22 05:59:00,BTC/USD,28297.15,28256.4
2023-03-22 06:00:00,BTC/USD,28318.99,28259.2
2023-03-22 06:01:01,BTC/USD,28552.79,28284.2
2023-03-22 06:02:02,BTC/USD,28468.35,28273.4
2023-03-22 06:03:03,BTC/USD,28388.93,28263.5
2023-03-22 06:04:04,BTC/USD,28374.98,28261.8
2023-03-22 06:05:05,BTC/USD,28336.25,28257.8
2023-03-22 06:06:05,BTC/USD,28451.46,28271.3
2023-03-22 06:07:06,BTC/USD,28430.73,28268.7
2023-03-22 06:08:07,BTC/USD,28309.42,28255.6
2023-03-22 06:09:08,BTC/USD,28367.89,28261.1
2023-03-22 06:10:08,BTC/USD,28376.12,28262.1
2023-03-22 06:11:09,BTC/USD,28290.78,28254.1
2023-03-22 06:12:10,BTC/USD,28255.38,28251.1
2023-03-22 06:13:11,BTC/USD,28338.78,28258.1
2023-03-22 06:14:11,BTC/USD,28463.07,28272.9
2023-03-22 06:15:12,BTC/USD,28349.47,28266.8
2023-03-22 06:16:13,BTC/USD,28328.43,28265.2
2023-03-22 06:17:14,BTC/USD,28182.21,28253.7
2023-03-22 06:18:15,BTC/USD,28231.46,28257.7
2023-03-22 06:19:15,BTC/USD,28407.64,28273.8
2023-03-22 06:20:16,BTC/USD,28598.23,28298.2
2023-03-22 06:21:17,BTC/USD,28477.96,28282.9
2023-03-22 06:22:17,BTC/USD,28574.44,28295.1
2023-03-22 06:23:18,BTC/USD,28616.45,28300.6
2023-03-22 06:24:19,BTC/USD,28566.71,28294.1
2023-03-22 06:25:20,BTC/USD,28683.41,28309.7
2023-03-22 06:26:21,BTC/USD,28717.77,28315.1
2023-03-22 06:27:22,BTC/USD,28662.85,28308.0
2023-03-22 06:28:22,BTC/USD,28661.38,28307.8
2023-03-22 06:29:23,BTC/USD,28646.62,28305.8
2023-03-22 06:30:24,BTC/USD,28659.90,28318.6
2023-03-22 06:31:25,BTC/USD,28643.86,28316.5
2023-03-22 06:32:26,BTC/USD,28677.59,28320.9
2023-03-22 06:33:26,BTC/USD,28579.98,28311.8
2023-03-22 06:34:27,BTC/USD,28546.62,28309.3
2023-03-22 06:35:28,BTC/USD,28504.50,28306.1
2023-03-22 06:36:29,BTC/USD,28698.14,28323.9
2023-03-22 06:37:29,BTC/USD,28702.49,28325.4
2023-03-22 06:38:30,BTC/USD,28593.72,28313.4
2023-03-22 06:39:30,BTC/USD,28488.74,28305.4
2023-03-22 06:40:32,BTC/USD,28235.83,28285.0
2023-03-22 06:41:32,BTC/USD,28306.73,28291.0
2023-03-22 06:42:33,BTC/USD,28241.66,28285.5
2023-03-22 06:43:34,BTC/USD,28221.63,28283.8
2023-03-22 06:44:36,BTC/USD,28300.49,28290.5
2023-03-22 06:45:37,BTC/USD,28147.72,28288.8
2023-03-22 06:46:37,BTC/USD,28080.91,28282.8
2023-03-22 06:47:38,BTC/USD,27950.02,28271.2
2023-03-22 06:48:39,BTC/USD,28057.82,28280.2
2023-03-22 06:49:39,BTC/USD,28057.82,28280.2
2023-03-22 06:50:40,BTC/USD,27988.99,28274.5
2023-03-22 06:51:41,BTC/USD,27987.80,28274.4
2023-03-22 06:52:42,BTC/USD,27953.54,28271.5
2023-03-22 06:53:42,BTC/USD,27888.39,28265.5
2023-03-22 06:54:43,BTC/USD,27867.13,28263.5
2023-03-22 06:55:44,BTC/USD,28035.50,28277.9
2023-03-22 06:56:45,BTC/USD,28075.79,28281.2
2023-03-22 06:57:46,BTC/USD,28003.02,28275.2
2023-03-22 06:58:47,BTC/USD,28057.39,28279.7
2023-03-22 06:59:47,BTC/USD,28070.87,28280.8
2023-03-22 07:00:48,BTC/USD,27725.85,28251.1
2023-03-22 07:01:49,BTC/USD,27834.07,28259.8
2023-03-22 07:02:50,BTC/USD,27651.75,28243.9
2023-03-22 07:03:51,BTC/USD,27564.15,28235.1
2023-03-22 07:04:52,BTC/USD,27604.65,28238.9
2023-03-22 07:05:52,BTC/USD,27546.27,28233.4
2023-03-22 07:06:53,BTC/USD,27533.31,28232.0
2023-03-22 07:07:54,BTC/USD,27672.93,28245.0
2023-03-22 07:08:55,BTC/USD,27475.39,28226.3
2023-03-22 07:09:55,BTC/USD,27404.11,28218.4
2023-03-22 07:10:56,BTC/USD,27551.68,28233.0
2023-03-22 07:11:57,BTC/USD,27511.26,28229.1
2023-03-22 07:12:57,BTC/USD,27485.74,28226.6
2023-03-22 07:13:58,BTC/USD,27630.47,28240.4
2023-03-22 07:14:59,BTC/USD,27670.94,28244.1
2023-03-22 07:16:00,BTC/USD,27857.80,28254.3
2023-03-22 07:17:01,BTC/USD,27840.69,28252.5
2023-03-22 07:18:02,BTC/USD,27828.25,28251.2
2023-03-22 07:19:03,BTC/USD,27841.64,28252.6
2023-03-22 07:20:04,BTC/USD,27829.21,28251.3
2023-03-22 07:21:04,BTC/USD,27572.05,28228.0
2023-03-22 07:22:05,BTC/USD,27412.46,28213.1
2023-03-22 07:23:06,BTC/USD,27413.48,28213.2
2023-03-22 07:24:07,BTC/USD,27355.60,28206.8
2023-03-22 07:25:08,BTC/USD,27522.49,28223.0
2023-03-22 07:26:09,BTC/USD,27820.81,28250.2
2023-03-22 07:27:10,BTC/USD,27757.70,28243.8
2023-03-22 07:28:10,BTC/USD,27591.11,28229.3
2023-03-22 07:29:11,BTC/USD,27655.11,28235.0
2023-03-22 07:30:12,BTC/USD,27638.37,28222.5
2023-03-22 07:31:13,BTC/USD,27647.39,28223.4
2023-03-22 07:32:14,BTC/USD,27735.60,28231.8
2023-03-22 07:33:15,BTC/USD,27615.48,28220.5
2023-03-22 07:34:15,BTC/USD,27766.36,28234.8
2023-03-22 07:35:16,BTC/USD,28132.94,28275.0
2023-03-22 07:36:16,BTC/USD,28046.15,28265.1
2023-03-22 07:37:17,BTC/USD,27968.90,28256.6
2023-03-22 07:38:18,BTC/USD,27944.74,28254.0
2023-03-22 07:39:19,BTC/USD,27944.74,28254.0
2023-03-22 07:40:20,BTC/USD,27940.07,28253.5
2023-03-22 07:41:21,BTC/USD,27756.18,28234.6
2023-03-22 07:42:22,BTC/USD,27780.34,28237.0
2023-03-22 07:43:23,BTC/USD,27542.73,28214.8
2023-03-22 07:44:24,BTC/USD,27680.60,28227.3
2023-03-22 07:45:24,BTC/USD,27774.22,28224.6
2023-03-22 07:46:25,BTC/USD,27799.83,28226.9
2023-03-22 07:47:26,BTC/USD,27869.14,28233.1
2023-03-22 07:48:27,BTC/USD,27905.25,28236.4
2023-03-22 07:49:28,BTC/USD,27905.25,28236.4
2023-03-22 07:50:29,BTC/USD,27903.09,28236.2
2023-03-22 07:51:30,BTC/USD,27868.30,28233.0
2023-03-22 07:52:31,BTC/USD,27837.70,28230.2
2023-03-22 07:53:31,BTC/USD,27837.70,28230.2
2023-03-22 07:54:32,BTC/USD,27836.58,28230.1
2023-03-22 07:55:34,BTC/USD,27792.93,28226.2
2023-03-22 07:56:35,BTC/USD,27814.30,28228.1
2023-03-22 07:57:36,BTC/USD,27903.33,28236.2
2023-03-22 07:58:37,BTC/USD,28038.38,28249.0
2023-03-22 07:59:38,BTC/USD,28081.16,28253.2
2023-03-22 08:00:39,BTC/USD,28051.45,28245.6
2023-03-22 08:01:39,BTC/USD,28224.69,28260.0
2023-03-22 08:02:41,BTC/USD,28368.99,28275.1
2023-03-22 08:03:41,BTC/USD,28407.41,28279.3
2023-03-22 08:04:43,BTC/USD,28382.44,28276.7
2023-03-22 08:05:44,BTC/USD,28426.43,28281.4
2023-03-22 08:06:45,BTC/USD,28551.97,28295.8
2023-03-22 08:07:45,BTC/USD,28439.68,28283.5
2023-03-22 08:08:46,BTC/USD,28301.33,28269.2
2023-03-22 08:09:46,BTC/USD,28232.38,28262.4
2023-03-22 08:10:47,BTC/USD,28089.17,28250.1
2023-03-22 08:11:48,BTC/USD,27944.65,28238.7
2023-03-22 08:12:49,BTC/USD,27944.65,28238.7
2023-03-22 08:13:50,BTC/USD,27982.18,28241.8
2023-03-22 08:14:51,BTC/USD,27966.05,28240.5
2023-03-22 08:15:52,BTC/USD,27908.89,28239.8
2023-03-22 08:16:52,BTC/USD,27989.69,28246.8
2023-03-22 08:17:53,BTC/USD,28005.30,28248.2
2023-03-22 08:18:54,BTC/USD,27999.78,28247.7
2023-03-22 08:19:54,BTC/USD,27931.43,28241.6
2023-03-22 08:20:55,BTC/USD,27877.89,28237.4
2023-03-22 08:21:56,BTC/USD,28022.89,28249.8
2023-03-22 08:22:57,BTC/USD,28090.29,28256.0
2023-03-22 08:23:58,BTC/USD,28140.12,28260.7
2023-03-22 08:24:59,BTC/USD,28140.12,28260.7
2023-03-22 08:25:59,BTC/USD,28202.45,28266.7
2023-03-22 08:27:00,BTC/USD,28150.19,28261.6
2023-03-22 08:28:01,BTC/USD,27945.44,28242.7
2023-03-22 08:29:02,BTC/USD,28001.99,28247.8
2023-03-22 08:30:03,BTC/USD,28041.19,28252.6
2023-03-22 08:31:04,BTC/USD,27877.64,28240.8
2023-03-22 08:32:04,BTC/USD,27383.67,28195.9
2023-03-22 08:33:05,BTC/USD,26967.57,28149.4
2023-03-22 08:34:06,BTC/USD,26755.66,28121.7
2023-03-22 08:35:07,BTC/USD,26716.44,28121.7
2023-03-22 08:36:08,BTC/USD,26885.39,28144.1
2023-03-22 08:37:08,BTC/USD,26783.76,28130.9
2023-03-22 08:38:09,BTC/USD,26708.57,28120.6
2023-03-22 08:39:10,BTC/USD,26835.35,28137.7
2023-03-22 08:40:11,BTC/USD,26798.02,28132.8
2023-03-22 08:41:12,BTC/USD,26768.89,28128.9
2023-03-22 08:42:12,BTC/USD,26788.25,28131.5
2023-03-22 08:43:13,BTC/USD,26838.44,28138.1
2023-03-22 08:44:14,BTC/USD,26780.78,28130.5
2023-03-22 08:45:14,BTC/USD,26600.63,28113.9
2023-03-22 08:46:15,BTC/USD,26463.88,28095.6
2023-03-22 08:47:15,BTC/USD,27012.12,28155.0
2023-03-22 08:48:16,BTC/USD,26793.85,28134.5
2023-03-22 08:49:17,BTC/USD,26958.06,28149.7
2023-03-22 08:50:17,BTC/USD,27022.48,28155.9
2023-03-22 08:51:18,BTC/USD,27072.50,28160.8
2023-03-22 08:52:19,BTC/USD,27023.61,28156.0
2023-03-22 08:53:20,BTC/USD,27038.98,28157.5
2023-03-22 08:54:20,BTC/USD,26785.05,28133.7
2023-03-22 08:55:21,BTC/USD,26680.26,28124.3
2023-03-22 08:56:22,BTC/USD,26611.94,28115.5
2023-03-22 08:57:23,BTC/USD,26686.53,28125.0
2023-03-22 08:58:24,BTC/USD,26715.17,28127.5
2023-03-22 08:59:25,BTC/USD,26925.41,28146.6
2023-03-22 09:00:25,BTC/USD,27140.59,28142.3
2023-03-22 09:01:26,BTC/USD,27088.02,28136.4
2023-03-22 09:02:27,BTC/USD,26964.27,28121.4
2023-03-22 09:03:28,BTC/USD,26934.77,28117.7
2023-03-22 09:04:29,BTC/USD,26951.13,28119.8
2023-03-22 09:05:30,BTC/USD,27137.02,28142.3
2023-03-22 09:06:31,BTC/USD,27859.36,28210.3
2023-03-22 09:07:31,BTC/USD,27694.66,28192.3
2023-03-22 09:08:32,BTC/USD,27780.43,28201.3
2023-03-22 09:09:33,BTC/USD,27814.90,28205.0
2023-03-22 09:10:34,BTC/USD,27531.00,28175.9
2023-03-22 09:11:35,BTC/USD,27629.97,28185.7
2023-03-22 09:12:35,BTC/USD,28025.00,28226.6
2023-03-22 09:13:36,BTC/USD,28061.70,28230.9
2023-03-22 09:14:37,BTC/USD,27923.29,28215.0
2023-03-22 09:15:38,BTC/USD,28075.37,28207.9
2023-03-22 09:16:39,BTC/USD,28098.46,28210.3
2023-03-22 09:17:39,BTC/USD,28064.70,28206.8
2023-03-22 09:18:40,BTC/USD,28232.66,28224.1
2023-03-22 09:19:41,BTC/USD,28312.98,28232.9
2023-03-22 09:20:42,BTC/USD,28150.70,28215.5
2023-03-22 09:21:43,BTC/USD,28118.87,28212.3
2023-03-22 09:22:43,BTC/USD,28069.66,28207.2
2023-03-22 09:23:44,BTC/USD,28031.65,28203.2
2023-03-22 09:24:45,BTC/USD,28107.95,28211.2
2023-03-22 09:25:45,BTC/USD,28007.96,28200.7
2023-03-22 09:26:46,BTC/USD,28097.85,28210.2
2023-03-22 09:27:47,BTC/USD,28007.02,28200.6
2023-03-22 09:28:48,BTC/USD,27986.42,28198.4
2023-03-22 09:29:49,BTC/USD,28253.72,28226.6
2023-03-22 09:30:50,BTC/USD,28046.76,28211.7
2023-03-22 09:31:51,BTC/USD,28159.91,28222.6
2023-03-22 09:32:52,BTC/USD,28217.98,28228.4
2023-03-22 09:33:53,BTC/USD,28309.71,28238.5
2023-03-22 09:34:54,BTC/USD,28048.65,28212.4
2023-03-22 09:35:55,BTC/USD,27802.19,28187.1
2023-03-22 09:36:55,BTC/USD,27754.80,28181.5
2023-03-22 09:37:56,BTC/USD,27871.23,28194.3
2023-03-22 09:38:57,BTC/USD,28065.56,28214.1
2023-03-22 09:39:58,BTC/USD,27942.71,28201.8
2023-03-22 09:40:58,BTC/USD,27997.75,28207.4
2023-03-22 09:41:59,BTC/USD,27941.74,28201.7
2023-03-22 09:43:00,BTC/USD,27979.90,28205.6
2023-03-22 09:44:01,BTC/USD,27842.41,28191.2
2023-03-22 09:45:01,BTC/USD,27862.82,28193.4
2023-03-22 09:46:02,BTC/USD,27716.58,28190.9
2023-03-22 09:47:04,BTC/USD,27791.22,28198.1
2023-03-22 09:48:04,BTC/USD,27673.80,28186.5
2023-03-22 09:49:05,BTC/USD,27720.92,28191.3
2023-03-22 09:50:06,BTC/USD,27692.32,28188.4
2023-03-22 09:51:06,BTC/USD,27653.51,28184.4
2023-03-22 09:52:07,BTC/USD,27597.69,28178.6
2023-03-22 09:53:08,BTC/USD,27375.87,28155.3
2023-03-22 09:54:09,BTC/USD,27127.94,28127.3
2023-03-22 09:55:09,BTC/USD,27201.15,28137.0
2023-03-22 09:56:10,BTC/USD,27138.32,28128.7
2023-03-22 09:57:11,BTC/USD,27050.18,28117.3
2023-03-22 09:58:11,BTC/USD,27255.27,28144.6
2023-03-22 09:59:12,BTC/USD,27120.32,28127.0
2023-03-22 10:00:13,BTC/USD,27028.53,28125.7
2023-03-22 10:01:14,BTC/USD,26823.71,28099.0
2023-03-22 10:02:14,BTC/USD,27187.54,28142.0
2023-03-22 10:03:15,BTC/USD,27214.66,28144.6
2023-03-22 10:04:16,BTC/USD,27153.33,28138.7
2023-03-22 10:05:17,BTC/USD,26910.25,28110.8
2023-03-22 10:06:18,BTC/USD,26921.41,28112.3
2023-03-22 10:07:19,BTC/USD,27073.33,28131.2
2023-03-22 10:08:20,BTC/USD,26956.10,28116.9
2023-03-22 10:09:21,BTC/USD,27034.04,28126.9
2023-03-22 10:10:21,BTC/USD,27072.25,28131.1
2023-03-22 10:11:22,BTC/USD,27243.58,28147.4
2023-03-22 10:12:22,BTC/USD,27298.57,28152.8
2023-03-22 10:13:23,BTC/USD,27210.14,28144.1
2023-03-22 10:14:24,BTC/USD,27044.96,28128.2
2023-03-22 10:15:25,BTC/USD,27061.73,28118.7
2023-03-22 10:16:26,BTC/USD,26733.01,28077.2
2023-03-22 10:17:26,BTC/USD,26795.64,28089.8
2023-03-22 10:18:27,BTC/USD,26844.81,28096.5
2023-03-22 10:19:28,BTC/USD,26812.35,28092.1
2023-03-22 10:20:29,BTC/USD,26966.43,28112.2
2023-03-22 10:21:29,BTC/USD,26858.53,28098.3
2023-03-22 10:22:30,BTC/USD,26923.68,28106.8
2023-03-22 10:23:31,BTC/USD,27051.81,28122.2
2023-03-22 10:24:32,BTC/USD,27200.84,28135.3
2023-03-22 10:25:33,BTC/USD,27091.85,28125.6
2023-03-22 10:26:33,BTC/USD,26967.31,28112.2
2023-03-22 10:27:35,BTC/USD,27125.99,28128.6
2023-03-22 10:28:35,BTC/USD,27243.79,28139.2
2023-03-22 10:29:37,BTC/USD,27215.38,28136.6
2023-03-22 10:30:38,BTC/USD,27509.58,28151.8
2023-03-22 10:31:38,BTC/USD,27581.39,28157.9
2023-03-22 10:32:39,BTC/USD,27541.94,28154.3
2023-03-22 10:33:39,BTC/USD,27695.19,28167.9
2023-03-22 10:34:40,BTC/USD,27673.46,28165.6
2023-03-22 10:35:41,BTC/USD,27673.46,28165.6
2023-03-22 10:36:42,BTC/USD,27594.15,28158.2
2023-03-22 10:37:43,BTC/USD,27637.30,28162.2
2023-03-22 10:38:44,BTC/USD,27771.36,28174.8
2023-03-22 10:39:45,BTC/USD,27771.36,28174.8
2023-03-22 10:40:46,BTC/USD,27597.59,28158.3
2023-03-22 10:41:46,BTC/USD,27587.79,28157.4
2023-03-22 10:42:48,BTC/USD,27436.16,28143.9
2023-03-22 10:43:48,BTC/USD,27344.60,28134.1
2023-03-22 10:44:49,BTC/USD,27358.84,28135.7
2023-03-22 10:45:50,BTC/USD,27515.11,28144.4
2023-03-22 10:46:51,BTC/USD,27375.97,28132.3
2023-03-22 10:47:52,BTC/USD,27148.35,28108.2
2023-03-22 10:48:53,BTC/USD,27142.84,28107.7
2023-03-22 10:49:53,BTC/USD,27284.31,28124.0
2023-03-22 10:50:54,BTC/USD,27127.09,28105.8
2023-03-22 10:51:55,BTC/USD,27022.26,28093.5
2023-03-22 10:52:56,BTC/USD,27264.92,28123.4
2023-03-22 10:53:56,BTC/USD,27293.07,28126.5
2023-03-22 10:54:57,BTC/USD,27395.35,28137.0
2023-03-22 10:55:58,BTC/USD,27331.96,28130.7
2023-03-22 10:56:59,BTC/USD,27663.21,28159.8
2023-03-22 10:57:59,BTC/USD,27530.68,28148.2
2023-03-22 10:59:00,BTC/USD,27518.95,28147.2
2023-03-22 11:00:01,BTC/USD,27530.68,28148.2
2023-03-22 11:01:02,BTC/USD,27638.83,28154.2
2023-03-22 11:02:03,BTC/USD,27613.00,28152.1
2023-03-22 11:03:04,BTC/USD,27769.19,28165.1
2023-03-22 11:04:05,BTC/USD,27888.32,28174.1
2023-03-22 11:05:06,BTC/USD,27855.50,28171.2
2023-03-22 11:06:07,BTC/USD,27781.62,28164.8
2023-03-22 11:07:08,BTC/USD,27739.16,28161.2
2023-03-22 11:08:08,BTC/USD,27711.69,28158.9
2023-03-22 11:09:09,BTC/USD,27603.99,28150.1
2023-03-22 11:10:10,BTC/USD,27785.12,28165.1
2023-03-22 11:11:11,BTC/USD,27729.64,28160.4
2023-03-22 11:12:11,BTC/USD,27710.49,28158.8
2023-03-22 11:13:12,BTC/USD,27670.57,28155.5
2023-03-22 11:14:13,BTC/USD,27518.96,28142.3
2023-03-22 11:15:14,BTC/USD,27526.20,28143.2
2023-03-22 11:16:14,BTC/USD,27518.44,28142.5
2023-03-22 11:17:15,BTC/USD,27475.91,28138.7
2023-03-22 11:18:16,BTC/USD,27427.82,28135.2
2023-03-22 11:19:17,BTC/USD,27424.68,28134.9
2023-03-22 11:20:18,BTC/USD,27529.73,28144.4
2023-03-22 11:21:19,BTC/USD,27780.90,28163.9
2023-03-22 11:22:19,BTC/USD,27839.41,28168.7
2023-03-22 11:23:20,BTC/USD,27913.17,28174.9
2023-03-22 11:24:21,BTC/USD,27914.34,28175.0
2023-03-22 11:25:22,BTC/USD,27914.34,28175.0
2023-03-22 11:26:23,BTC/USD,27914.34,28175.0
2023-03-22 11:27:24,BTC/USD,27861.38,28170.5
2023-03-22 11:28:25,BTC/USD,27870.88,28171.3
2023-03-22 11:29:26,BTC/USD,27928.39,28176.2
2023-03-22 11:30:27,BTC/USD,27997.64,28181.1
2023-03-22 11:31:27,BTC/USD,28019.49,28182.8
2023-03-22 11:32:28,BTC/USD,27915.20,28174.3
2023-03-22 11:33:29,BTC/USD,28033.47,28183.9
2023-03-22 11:34:30,BTC/USD,28077.72,28187.4
2023-03-22 11:35:31,BTC/USD,28030.31,28182.7
2023-03-22 11:36:31,BTC/USD,27935.93,28175.0
2023-03-22 11:37:32,BTC/USD,27727.96,28157.3
2023-03-22 11:38:33,BTC/USD,27776.38,28161.8
2023-03-22 11:39:34,BTC/USD,27724.06,28157.1
2023-03-22 11:40:35,BTC/USD,27615.17,28146.9
2023-03-22 11:41:36,BTC/USD,27461.87,28131.8
2023-03-22 11:42:36,BTC/USD,27539.02,28139.7
2023-03-22 11:43:37,BTC/USD,27830.67,28166.8
2023-03-22 11:44:38,BTC/USD,27870.54,28170.2
2023-03-22 11:45:39,BTC/USD,27836.16,28173.0
2023-03-22 11:46:39,BTC/USD,27836.16,28173.0
2023-03-22 11:47:40,BTC/USD,27739.11,28165.5
2023-03-22 11:48:41,BTC/USD,27753.99,28166.7
2023-03-22 11:49:41,BTC/USD,27753.99,28166.7
2023-03-22 11:50:42,BTC/USD,27979.46,28184.1
2023-03-22 11:51:43,BTC/USD,28097.92,28193.7
2023-03-22 11:52:44,BTC/USD,28148.08,28197.9
2023-03-22 11:53:45,BTC/USD,28274.70,28208.3
2023-03-22 11:54:46,BTC/USD,28152.04,28197.5
2023-03-22 11:55:47,BTC/USD,28299.67,28210.4
2023-03-22 11:56:48,BTC/USD,28323.31,28212.4
2023-03-22 11:57:49,BTC/USD,28463.60,28224.5
2023-03-22 11:58:49,BTC/USD,28288.28,28207.8
2023-03-22 11:59:50,BTC/USD,28277.03,28206.8
2023-03-22 12:00:51,BTC/USD,28192.52,28203.1
2023-03-22 12:01:52,BTC/USD,28159.32,28200.7
2023-03-22 12:02:53,BTC/USD,28205.71,28204.2
2023-03-22 12:03:53,BTC/USD,28230.16,28206.2
2023-03-22 12:04:54,BTC/USD,28404.92,28221.1
2023-03-22 12:05:55,BTC/USD,28425.20,28222.9
2023-03-22 12:06:56,BTC/USD,28376.82,28218.6
2023-03-22 12:07:57,BTC/USD,28492.64,28229.0
2023-03-22 12:08:58,BTC/USD,28379.61,28218.8
2023-03-22 12:09:59,BTC/USD,28251.26,28207.8
2023-03-22 12:11:00,BTC/USD,28181.97,28202.2
2023-03-22 12:12:01,BTC/USD,28181.97,28202.2
2023-03-22 12:13:02,BTC/USD,28252.46,28207.9
2023-03-22 12:14:02,BTC/USD,28251.27,28207.8
2023-03-22 12:15:03,BTC/USD,28125.06,28207.8
2023-03-22 12:16:05,BTC/USD,28156.55,28210.3
2023-03-22 12:17:06,BTC/USD,28157.81,28210.4
2023-03-22 12:18:07,BTC/USD,28157.81,28210.4
2023-03-22 12:19:07,BTC/USD,28241.76,28217.1
2023-03-22 12:20:08,BTC/USD,28379.24,28228.6
2023-03-22 12:21:09,BTC/USD,28379.24,28228.6
2023-03-22 12:22:09,BTC/USD,28307.81,28222.5
2023-03-22 12:23:10,BTC/USD,28360.72,28227.0
2023-03-22 12:24:11,BTC/USD,28360.72,28227.0
2023-03-22 12:25:12,BTC/USD,28273.07,28219.6
2023-03-22 12:26:13,BTC/USD,28273.07,28219.6
2023-03-22 12:27:13,BTC/USD,28273.07,28219.6
2023-03-22 12:28:14,BTC/USD,28549.23,28242.1
2023-03-22 12:29:15,BTC/USD,28430.72,28231.4
2023-03-22 12:30:15,BTC/USD,28362.90,28234.5
2023-03-22 12:31:16,BTC/USD,28265.46,28227.6
2023-03-22 12:32:17,BTC/USD,28125.25,28218.4
2023-03-22 12:33:18,BTC/USD,28125.25,28218.4
2023-03-22 12:34:19,BTC/USD,28116.41,28217.8
2023-03-22 12:35:20,BTC/USD,28179.95,28222.1
2023-03-22 12:36:21,BTC/USD,28090.05,28216.0
2023-03-22 12:37:22,BTC/USD,28004.32,28210.0
2023-03-22 12:38:23,BTC/USD,27998.72,28209.6
2023-03-22 12:39:25,BTC/USD,27916.17,28203.6
2023-03-22 12:40:26,BTC/USD,27985.18,28208.7
2023-03-22 12:41:27,BTC/USD,28119.79,28218.2
2023-03-22 12:42:29,BTC/USD,28074.96,28215.1
2023-03-22 12:43:29,BTC/USD,27979.68,28208.3
2023-03-22 12:44:31,BTC/USD,27916.17,28203.6
2023-03-22 12:45:32,BTC/USD,27740.26,28201.1
2023-03-22 12:46:32,BTC/USD,27718.00,28199.6
2023-03-22 12:47:33,BTC/USD,27718.00,28199.6
2023-03-22 12:48:34,BTC/USD,27758.04,28202.5
2023-03-22 12:49:35,BTC/USD,27812.38,28206.7
2023-03-22 12:50:36,BTC/USD,27675.90,28196.7
2023-03-22 12:51:37,BTC/USD,27497.05,28184.2
2023-03-22 12:52:38,BTC/USD,27408.27,28177.1
2023-03-22 12:53:38,BTC/USD,27408.19,28177.1
2023-03-22 12:54:39,BTC/USD,27425.24,28178.5
2023-03-22 12:55:40,BTC/USD,27457.28,28181.1
2023-03-22 12:56:41,BTC/USD,27503.79,28184.8
2023-03-22 12:57:42,BTC/USD,27468.50,28182.0
2023-03-22 12:58:43,BTC/USD,27467.25,28181.9
2023-03-22 12:59:44,BTC/USD,27494.91,28184.1
2023-03-22 13:00:44,BTC/USD,27485.69,28184.9
2023-03-22 13:01:45,BTC/USD,27509.37,28186.6
2023-03-22 13:02:46,BTC/USD,27539.70,28188.8
2023-03-22 13:03:47,BTC/USD,27561.54,28190.4
2023-03-22 13:04:48,BTC/USD,27579.16,28191.7
2023-03-22 13:05:49,BTC/USD,27420.57,28180.1
2023-03-22 13:06:50,BTC/USD,27299.38,28171.1
2023-03-22 13:07:51,BTC/USD,27245.55,28167.0
2023-03-22 13:08:52,BTC/USD,27484.57,28185.4
2023-03-22 13:09:53,BTC/USD,28124.81,28235.3
2023-03-22 13:10:54,BTC/USD,28143.82,28236.4
2023-03-22 13:11:55,BTC/USD,27990.50,28222.6
2023-03-22 13:12:56,BTC/USD,27909.90,28215.7
2023-03-22 13:13:57,BTC/USD,28145.97,28236.6
2023-03-22 13:14:58,BTC/USD,28200.88,28241.7
2023-03-22 13:15:59,BTC/USD,28286.60,28240.4
2023-03-22 13:16:59,BTC/USD,28039.55,28223.0
2023-03-22 13:18:00,BTC/USD,28097.32,28227.3
2023-03-22 13:19:01,BTC/USD,28362.82,28247.1
2023-03-22 13:20:02,BTC/USD,28488.08,28261.0
2023-03-22 13:21:05,BTC/USD,28585.77,28270.8
2023-03-22 13:22:06,BTC/USD,28298.38,28243.2
2023-03-22 13:23:07,BTC/USD,28563.25,28268.5
2023-03-22 13:24:08,BTC/USD,28416.49,28254.1
2023-03-22 13:25:08,BTC/USD,28576.01,28269.8
2023-03-22 13:26:09,BTC/USD,28748.64,28288.2
2023-03-22 13:27:10,BTC/USD,28846.10,28299.9
2023-03-22 13:28:11,BTC/USD,28720.04,28285.6
2023-03-22 13:29:11,BTC/USD,28735.45,28287.3
2023-03-22 13:30:12,BTC/USD,28334.23,28254.9
2023-03-22 13:31:13,BTC/USD,28451.09,28265.5
2023-03-22 13:32:14,BTC/USD,28617.33,28281.6
2023-03-22 13:33:14,BTC/USD,28526.90,28272.6
2023-03-22 13:34:15,BTC/USD,28491.67,28269.2
2023-03-22 13:35:16,BTC/USD,28490.62,28269.1
2023-03-22 13:36:17,BTC/USD,28433.39,28263.7
2023-03-22 13:37:18,BTC/USD,28546.33,28274.5
2023-03-22 13:38:19,BTC/USD,28577.63,28277.6
2023-03-22 13:39:20,BTC/USD,28559.51,28275.8
2023-03-22 13:40:21,BTC/USD,28516.60,28271.6
2023-03-22 13:41:22,BTC/USD,28797.54,28300.7
2023-03-22 13:42:23,BTC/USD,28651.33,28285.0
2023-03-22 13:43:25,BTC/USD,28594.47,28279.2
2023-03-22 13:44:26,BTC/USD,28492.53,28269.2
2023-03-22 13:45:27,BTC/USD,28475.97,28276.9
2023-03-22 13:46:28,BTC/USD,28080.64,28249.1
2023-03-22 13:47:29,BTC/USD,28481.74,28277.5
2023-03-22 13:48:30,BTC/USD,28479.72,28277.3
2023-03-22 13:49:31,BTC/USD,28458.19,28275.3
2023-03-22 13:50:32,BTC/USD,28497.84,28279.0
2023-03-22 13:51:32,BTC/USD,28743.76,28304.0
2023-03-22 13:52:33,BTC/USD,28817.52,28312.5
2023-03-22 13:53:34,BTC/USD,28784.07,28308.8
2023-03-22 13:54:35,BTC/USD,28678.09,28297.5
2023-03-22 13:55:36,BTC/USD,28648.94,28294.5
2023-03-22 13:56:36,BTC/USD,28669.39,28296.6
2023-03-22 13:57:37,BTC/USD,28661.62,28295.8
2023-03-22 13:58:38,BTC/USD,28566.93,28286.3
2023-03-22 13:59:39,BTC/USD,28572.03,28286.8
2023-03-22 14:00:40,BTC/USD,28330.00,28278.8
2023-03-22 14:01:40,BTC/USD,28116.47,28265.8
2023-03-22 14:02:41,BTC/USD,28017.77,28259.4
2023-03-22 14:03:42,BTC/USD,27763.39,28240.9
2023-03-22 14:04:43,BTC/USD,27933.77,28253.2
2023-03-22 14:05:44,BTC/USD,27975.86,28256.1
2023-03-22 14:06:45,BTC/USD,27820.14,28245.1
2023-03-22 14:07:45,BTC/USD,27624.16,28229.8
2023-03-22 14:08:46,BTC/USD,27874.05,28248.7
2023-03-22 14:09:47,BTC/USD,27882.46,28249.3
2023-03-22 14:10:48,BTC/USD,27737.00,28238.6
2023-03-22 14:11:49,BTC/USD,28078.72,28262.7
2023-03-22 14:12:50,BTC/USD,28202.53,28270.6
2023-03-22 14:13:50,BTC/USD,28654.13,28303.6
2023-03-22 14:14:51,BTC/USD,28487.73,28287.6
2023-03-22 14:15:52,BTC/USD,28601.79,28305.9
2023-03-22 14:16:53,BTC/USD,28867.68,28334.7
2023-03-22 14:17:54,BTC/USD,28894.54,28338.6
2023-03-22 14:18:54,BTC/USD,28821.94,28330.5
2023-03-22 14:19:55,BTC/USD,28857.28,28334.4
2023-03-22 14:20:56,BTC/USD,28816.44,28329.9
2023-03-22 14:21:57,BTC/USD,28682.90,28315.9
2023-03-22 14:22:58,BTC/USD,28564.18,28304.3
2023-03-22 14:23:58,BTC/USD,28753.79,28323.2
2023-03-22 14:24:59,BTC/USD,28941.28,28344.0
2023-03-22 14:26:00,BTC/USD,28817.36,28331.0
2023-03-22 14:27:01,BTC/USD,28921.82,28342.8
2023-03-22 14:28:02,BTC/USD,29231.42,28385.9
2023-03-22 14:29:03,BTC/USD,29420.98,28416.1
2023-03-22 14:30:03,BTC/USD,29128.75,28387.4
2023-03-22 14:31:04,BTC/USD,29177.63,28394.5
2023-03-22 14:32:05,BTC/USD,28867.27,28372.6
2023-03-22 14:33:06,BTC/USD,28992.17,28380.0
2023-03-22 14:34:07,BTC/USD,28592.13,28355.6
2023-03-22 14:35:08,BTC/USD,28503.03,28349.9
2023-03-22 14:36:09,BTC/USD,29261.24,28407.3
2023-03-22 14:37:15,BTC/USD,29457.83,28438.5
2023-03-22 14:38:16,BTC/USD,29590.01,28463.3
2023-03-22 14:39:17,BTC/USD,29410.25,28431.3
2023-03-22 14:40:18,BTC/USD,29382.42,28426.7
2023-03-22 14:41:19,BTC/USD,29321.81,28417.0
2023-03-22 14:42:20,BTC/USD,29362.71,28423.5
2023-03-22 14:43:21,BTC/USD,28808.50,28369.6
2023-03-22 14:44:22,BTC/USD,28950.95,28378.0
2023-03-22 14:45:24,BTC/USD,28544.39,28370.0
2023-03-22 14:46:25,BTC/USD,28325.92,28352.8
